{
    "img_104.jpg": [
        [
            78.0,
            68.0,
            174.0,
            174.0
        ]
    ],
    "img_105.jpg": [],
    "img_106.jpg": [
        [
            80.0,
            83.0,
            223.0,
            223.0
        ]
    ],
    "img_107.jpg": [
        [
            158.0,
            80.0,
            54.0,
            54.0
        ],
        [
            62.0,
            45.0,
            97.0,
            97.0
        ],
        [
            223.0,
            78.0,
            92.0,
            92.0
        ],
        [
            327.0,
            87.0,
            94.0,
            94.0
        ]
    ],
    "img_108.jpg": [
        [
            66.0,
            82.0,
            138.0,
            138.0
        ]
    ],
    "img_109.jpg": [
        [
            263.0,
            123.0,
            145.0,
            145.0
        ]
    ],
    "img_110.jpg": [
        [
            92.0,
            90.0,
            130.0,
            130.0
        ]
    ],
    "img_111.jpg": [
        [
            66.0,
            52.0,
            97.0,
            97.0
        ]
    ],
    "img_112.jpg": [
        [
            98.0,
            90.0,
            210.0,
            210.0
        ]
    ],
    "img_113.jpg": [
        [
            307.0,
            54.0,
            90.0,
            90.0
        ],
        [
            147.0,
            100.0,
            148.0,
            148.0
        ],
        [
            33.0,
            133.0,
            105.0,
            105.0
        ]
    ],
    "img_114.jpg": [
        [
            9.0,
            23.0,
            115.0,
            115.0
        ],
        [
            124.0,
            95.0,
            152.0,
            152.0
        ]
    ],
    "img_115.jpg": [
        [
            33.0,
            17.0,
            156.0,
            156.0
        ],
        [
            263.0,
            88.0,
            134.0,
            134.0
        ]
    ],
    "img_116.jpg": [
        [
            70.0,
            44.0,
            89.0,
            89.0
        ]
    ],
    "img_117.jpg": [
        [
            355.0,
            104.0,
            49.0,
            49.0
        ],
        [
            271.0,
            46.0,
            83.0,
            83.0
        ],
        [
            158.0,
            110.0,
            59.0,
            59.0
        ],
        [
            99.0,
            60.0,
            79.0,
            79.0
        ]
    ],
    "img_118.jpg": [
        [
            163.0,
            52.0,
            115.0,
            115.0
        ]
    ],
    "img_119.jpg": [
        [
            79.0,
            83.0,
            81.0,
            81.0
        ]
    ],
    "img_120.jpg": [
        [
            164.0,
            73.0,
            87.0,
            87.0
        ]
    ],
    "img_121.jpg": [
        [
            58.0,
            7.0,
            239.0,
            239.0
        ]
    ],
    "img_122.jpg": [
        [
            272.0,
            61.0,
            70.0,
            70.0
        ]
    ],
    "img_123.jpg": [
        [
            209.0,
            61.0,
            138.0,
            138.0
        ],
        [
            17.0,
            214.0,
            153.0,
            153.0
        ]
    ],
    "img_124.jpg": [
        [
            182.0,
            30.0,
            146.0,
            146.0
        ]
    ],
    "img_125.jpg": [
        [
            43.0,
            120.0,
            229.0,
            229.0
        ]
    ],
    "img_126.jpg": [
        [
            122.0,
            137.0,
            117.0,
            117.0
        ]
    ],
    "img_127.jpg": [
        [
            96.0,
            88.0,
            195.0,
            195.0
        ]
    ],
    "img_128.jpg": [
        [
            189.0,
            96.0,
            115.0,
            115.0
        ]
    ],
    "img_129.jpg": [
        [
            152.0,
            205.0,
            116.0,
            116.0
        ]
    ],
    "img_130.jpg": [
        [
            40.0,
            81.0,
            256.0,
            256.0
        ]
    ],
    "img_131.jpg": [
        [
            111.0,
            37.0,
            82.0,
            82.0
        ]
    ],
    "img_132.jpg": [
        [
            245.0,
            74.0,
            159.0,
            159.0
        ]
    ],
    "img_133.jpg": [
        [
            58.0,
            59.0,
            83.0,
            83.0
        ]
    ],
    "img_134.jpg": [
        [
            86.0,
            41.0,
            104.0,
            104.0
        ]
    ],
    "img_135.jpg": [
        [
            88.0,
            53.0,
            74.0,
            74.0
        ],
        [
            19.0,
            116.0,
            62.0,
            62.0
        ]
    ],
    "img_136.jpg": [
        [
            217.0,
            120.0,
            51.0,
            51.0
        ],
        [
            59.0,
            24.0,
            83.0,
            83.0
        ]
    ],
    "img_137.jpg": [
        [
            193.0,
            82.0,
            73.0,
            73.0
        ]
    ],
    "img_138.jpg": [
        [
            76.0,
            60.0,
            122.0,
            122.0
        ]
    ],
    "img_139.jpg": [
        [
            190.0,
            54.0,
            166.0,
            166.0
        ]
    ],
    "img_140.jpg": [
        [
            68.0,
            66.0,
            191.0,
            191.0
        ]
    ],
    "img_141.jpg": [
        [
            208.0,
            84.0,
            185.0,
            185.0
        ]
    ],
    "img_142.jpg": [
        [
            242.0,
            69.0,
            105.0,
            105.0
        ]
    ],
    "img_143.jpg": [
        [
            276.0,
            27.0,
            79.0,
            79.0
        ],
        [
            83.0,
            86.0,
            82.0,
            82.0
        ]
    ],
    "img_144.jpg": [
        [
            107.0,
            26.0,
            175.0,
            175.0
        ]
    ],
    "img_145.jpg": [],
    "img_146.jpg": [
        [
            116.0,
            89.0,
            112.0,
            112.0
        ]
    ],
    "img_147.jpg": [
        [
            244.0,
            139.0,
            87.0,
            87.0
        ]
    ],
    "img_148.jpg": [
        [
            34.0,
            68.0,
            207.0,
            207.0
        ]
    ],
    "img_149.jpg": [
        [
            116.0,
            36.0,
            81.0,
            81.0
        ]
    ],
    "img_150.jpg": [
        [
            167.0,
            186.0,
            92.0,
            92.0
        ]
    ],
    "img_151.jpg": [
        [
            226.0,
            149.0,
            107.0,
            107.0
        ]
    ],
    "img_152.jpg": [
        [
            56.0,
            69.0,
            188.0,
            188.0
        ]
    ],
    "img_153.jpg": [
        [
            70.0,
            90.0,
            176.0,
            176.0
        ]
    ],
    "img_154.jpg": [
        [
            97.0,
            96.0,
            172.0,
            172.0
        ]
    ],
    "img_155.jpg": [
        [
            58.0,
            72.0,
            232.0,
            232.0
        ]
    ],
    "img_156.jpg": [
        [
            186.0,
            74.0,
            82.0,
            82.0
        ]
    ],
    "img_157.jpg": [
        [
            58.0,
            33.0,
            200.0,
            200.0
        ]
    ],
    "img_158.jpg": [
        [
            20.0,
            106.0,
            133.0,
            133.0
        ],
        [
            171.0,
            73.0,
            125.0,
            125.0
        ]
    ],
    "img_159.jpg": [
        [
            69.0,
            144.0,
            208.0,
            208.0
        ]
    ],
    "img_160.jpg": [
        [
            70.0,
            111.0,
            82.0,
            82.0
        ]
    ],
    "img_161.jpg": [
        [
            143.0,
            61.0,
            111.0,
            111.0
        ]
    ],
    "img_162.jpg": [
        [
            128.0,
            95.0,
            171.0,
            171.0
        ]
    ],
    "img_163.jpg": [],
    "img_164.jpg": [
        [
            34.0,
            56.0,
            259.0,
            259.0
        ]
    ],
    "img_165.jpg": [
        [
            165.0,
            70.0,
            112.0,
            112.0
        ]
    ],
    "img_166.jpg": [
        [
            18.0,
            137.0,
            226.0,
            226.0
        ]
    ],
    "img_167.jpg": [
        [
            35.0,
            60.0,
            143.0,
            143.0
        ]
    ],
    "img_168.jpg": [
        [
            36.0,
            111.0,
            224.0,
            224.0
        ]
    ],
    "img_169.jpg": [
        [
            314.0,
            37.0,
            92.0,
            92.0
        ]
    ],
    "img_170.jpg": [
        [
            174.0,
            44.0,
            104.0,
            104.0
        ]
    ],
    "img_171.jpg": [
        [
            294.0,
            111.0,
            54.0,
            54.0
        ]
    ],
    "img_172.jpg": [
        [
            32.0,
            39.0,
            219.0,
            219.0
        ]
    ],
    "img_173.jpg": [
        [
            32.0,
            81.0,
            194.0,
            194.0
        ]
    ],
    "img_174.jpg": [
        [
            261.0,
            60.0,
            80.0,
            80.0
        ]
    ],
    "img_175.jpg": [
        [
            294.0,
            41.0,
            97.0,
            97.0
        ],
        [
            169.0,
            64.0,
            91.0,
            91.0
        ]
    ],
    "img_176.jpg": [
        [
            173.0,
            83.0,
            81.0,
            81.0
        ],
        [
            251.0,
            49.0,
            89.0,
            89.0
        ]
    ],
    "img_177.jpg": [
        [
            234.0,
            55.0,
            142.0,
            142.0
        ]
    ],
    "img_178.jpg": [
        [
            47.0,
            113.0,
            235.0,
            235.0
        ]
    ],
    "img_179.jpg": [
        [
            212.0,
            18.0,
            45.0,
            45.0
        ],
        [
            44.0,
            72.0,
            50.0,
            50.0
        ],
        [
            356.0,
            34.0,
            60.0,
            60.0
        ],
        [
            322.0,
            142.0,
            102.0,
            102.0
        ]
    ],
    "img_180.jpg": [
        [
            199.0,
            46.0,
            136.0,
            136.0
        ]
    ],
    "img_181.jpg": [
        [
            181.0,
            367.0,
            56.0,
            56.0
        ],
        [
            71.0,
            83.0,
            146.0,
            146.0
        ]
    ],
    "img_182.jpg": [
        [
            173.0,
            68.0,
            113.0,
            113.0
        ]
    ],
    "img_183.jpg": [
        [
            30.0,
            87.0,
            181.0,
            181.0
        ],
        [
            242.0,
            94.0,
            176.0,
            176.0
        ]
    ],
    "img_184.jpg": [
        [
            339.0,
            49.0,
            71.0,
            71.0
        ],
        [
            234.0,
            67.0,
            80.0,
            80.0
        ]
    ],
    "img_185.jpg": [
        [
            94.0,
            108.0,
            115.0,
            115.0
        ]
    ],
    "img_186.jpg": [],
    "img_187.jpg": [
        [
            45.0,
            203.0,
            77.0,
            77.0
        ]
    ],
    "img_188.jpg": [
        [
            51.0,
            73.0,
            142.0,
            142.0
        ]
    ],
    "img_189.jpg": [
        [
            108.0,
            46.0,
            82.0,
            82.0
        ]
    ],
    "img_190.jpg": [
        [
            155.0,
            41.0,
            111.0,
            111.0
        ]
    ],
    "img_191.jpg": [
        [
            145.0,
            75.0,
            132.0,
            132.0
        ]
    ],
    "img_192.jpg": [
        [
            228.0,
            148.0,
            78.0,
            78.0
        ],
        [
            109.0,
            32.0,
            92.0,
            92.0
        ]
    ],
    "img_193.jpg": [
        [
            270.0,
            88.0,
            81.0,
            81.0
        ],
        [
            60.0,
            46.0,
            98.0,
            98.0
        ]
    ],
    "img_194.jpg": [
        [
            65.0,
            56.0,
            114.0,
            114.0
        ]
    ],
    "img_195.jpg": [
        [
            76.0,
            56.0,
            119.0,
            119.0
        ]
    ],
    "img_196.jpg": [
        [
            102.0,
            50.0,
            103.0,
            103.0
        ]
    ],
    "img_197.jpg": [],
    "img_198.jpg": [
        [
            193.0,
            19.0,
            91.0,
            91.0
        ]
    ],
    "img_199.jpg": [
        [
            97.0,
            68.0,
            94.0,
            94.0
        ]
    ],
    "img_200.jpg": [
        [
            193.0,
            87.0,
            117.0,
            117.0
        ],
        [
            16.0,
            105.0,
            99.0,
            99.0
        ]
    ],
    "img_201.jpg": [
        [
            114.0,
            28.0,
            75.0,
            75.0
        ]
    ],
    "img_202.jpg": [
        [
            260.0,
            29.0,
            68.0,
            68.0
        ],
        [
            122.0,
            91.0,
            61.0,
            61.0
        ],
        [
            127.0,
            163.0,
            54.0,
            54.0
        ]
    ],
    "img_203.jpg": [
        [
            130.0,
            116.0,
            202.0,
            202.0
        ]
    ],
    "img_204.jpg": [
        [
            18.0,
            86.0,
            258.0,
            258.0
        ]
    ],
    "img_205.jpg": [
        [
            335.0,
            97.0,
            79.0,
            79.0
        ]
    ],
    "img_206.jpg": [
        [
            128.0,
            69.0,
            147.0,
            147.0
        ]
    ]
}